,count,mean,std,min,25%,50%,75%,max
diff,50.0,1228.762666666667,1632.1406579630213,-2411.4000000000005,205.6833333333334,1329.9333333333334,2389.4333333333334,4608.9333333333325
