,count,mean,std,min,25%,50%,75%,max
diff,50.0,259.57333333333327,1722.6722186679976,-3181.2666666666673,-787.8,26.233333333333576,1290.0,4715.533333333333
